Time (s),Extension (mm),Load (N)
0,0,-0.11
0.1,0.004,4.25
0.2,0.014,309.46
0.3,0.024,527.72
0.4,0.033,877.78
0.5,0.042,1043.99
0.6,0.05,1256.65
0.7,0.059,1501.57
0.8,0.067,1708.58
0.9,0.075,1891.44
1,0.084,2012.71
1.1,0.092,2193.56
1.2,0.1,2273.61
1.3,0.109,2351.82
1.4,0.117,2398.72
1.5,0.125,2458.76
1.6,0.134,2497.52
1.7,0.142,2515.77
1.8,0.15,2527.62
1.9,0.159,2539.21
2,0.167,2592.63
2.1,0.175,2670.14
2.2,0.184,2703.52
2.3,0.192,2766.65
2.4,0.2,2839.14
2.5,0.209,2908.05
2.6,0.217,2992.92
2.7,0.225,3049.96
2.8,0.234,3081.8
2.9,0.242,3096.31
3,0.25,3116.1
3.1,0.258,3187.42
3.2,0.267,3248.47
3.3,0.275,3311.14
3.4,0.284,3374.45
3.5,0.292,3434.54
3.6,0.3,3494.82
3.7,0.309,3527.05
3.8,0.317,3560.63
3.9,0.325,3606.67
4,0.334,3707.2
4.1,0.342,3773.91
4.2,0.35,3834.46
4.3,0.359,3895.45
4.4,0.367,3943.26
4.5,0.375,4025.78
4.6,0.384,4069.63
4.7,0.392,4101.21
4.8,0.4,4122.29
4.9,0.409,4211.23
5,0.417,4269.55
5.1,0.425,4364.6
5.2,0.433,4452.88
5.3,0.442,4539.49
5.4,0.45,4575.95
5.5,0.459,4597.78
5.6,0.467,4617.55
5.7,0.475,4716.31
5.8,0.484,4805.27
5.9,0.492,4871.92
6,0.5,4933.69
6.1,0.509,5013.35
6.2,0.517,5067.03
6.3,0.525,5127.93
6.4,0.534,5164.68
6.5,0.542,5235.62
6.6,0.55,5306.6
6.7,0.559,5372.09
6.8,0.567,5460.96
6.9,0.575,5587.57
7,0.584,5617.58
7.1,0.592,5651.02
7.2,0.6,5691.26
7.3,0.609,5794.4
7.4,0.617,5892.67
7.5,0.625,5962.92
7.6,0.634,6042.39
7.7,0.642,6094.57
7.8,0.65,6137.87
7.9,0.659,6209.24
8,0.667,6315.77
8.1,0.675,6394.07
8.2,0.684,6460.38
8.3,0.692,6566.36
8.4,0.7,6628.57
8.5,0.709,6659.21
8.6,0.717,6689.07
8.7,0.725,6799.37
8.8,0.734,6897.98
8.9,0.742,6996.82
9,0.75,7120.25
9.1,0.758,7169.71
9.2,0.767,7203.62
9.3,0.775,7244.38
9.4,0.784,7343.72
9.5,0.792,7426.23
9.6,0.8,7498.65
9.7,0.809,7637.3
9.8,0.817,7683.73
9.9,0.825,7752.89
10,0.834,7850.1
10.1,0.842,7917.07
10.2,0.85,8012.81
10.3,0.859,8083.99
10.4,0.867,8147.51
10.5,0.875,8176.71
10.6,0.884,8260.31
10.7,0.892,8384.67
10.8,0.9,8506.76
10.9,0.909,8604.94
11,0.917,8703.91
11.1,0.925,8725.22
11.2,0.933,8734.21
11.3,0.942,8837.62
11.4,0.95,8934.3
11.5,0.959,9060.42
11.6,0.967,9171.14
11.7,0.975,9250.05
11.8,0.984,9301.71
11.9,0.992,9409.63
12,1,9468.52
12.1,1.009,9529.07
12.2,1.017,9649.12
12.3,1.025,9720.33
12.4,1.034,9775.27
12.5,1.042,9903.21
12.6,1.05,10012.89
12.7,1.059,10132.93
12.8,1.067,10213.89
12.9,1.075,10229.81
13,1.084,10240.47
13.1,1.092,10390.38
13.2,1.1,10486.92
13.3,1.108,10609.43
13.4,1.117,10739.23
13.5,1.125,10824.03
13.6,1.134,10848.8
13.7,1.142,10927.46
13.8,1.15,10983.25
13.9,1.158,11095.58
14,1.167,11236.93
14.1,1.175,11304.42
14.2,1.184,11370.9
14.3,1.192,11512.16
14.4,1.2,11609.75
14.5,1.209,11669.82
14.6,1.217,11728.68
14.7,1.225,11779.57
14.8,1.234,11884.03
14.9,1.242,12008.51
15,1.25,12131.22
15.1,1.259,12266.52
15.2,1.267,12346.63
15.3,1.275,12351.22
15.4,1.284,12414.46
15.5,1.292,12526.28
15.6,1.3,12641.67
15.7,1.308,12790.26
15.8,1.317,12856.89
15.9,1.325,12929.29
16,1.333,13041.09
16.1,1.342,13119.63
16.2,1.35,13198.83
16.3,1.359,13296
16.4,1.367,13348.55
16.5,1.375,13453.36
16.6,1.383,13596.67
16.7,1.392,13704.99
16.8,1.4,13836.97
16.9,1.409,13853.89
17,1.417,13899.61
17.1,1.425,14012.01
17.2,1.434,14150.4
17.3,1.442,14254.72
17.4,1.45,14389.3
17.5,1.459,14415.87
17.6,1.467,14486.87
17.7,1.475,14592.3
17.8,1.484,14705.85
17.9,1.492,14816.04
18,1.5,14885.89
18.1,1.508,14974.03
18.2,1.517,15105.25
18.3,1.525,15205.49
18.4,1.534,15313.31
18.5,1.542,15395.93
18.6,1.55,15427.97
18.7,1.559,15530.06
18.8,1.567,15667.99
18.9,1.575,15797.51
19,1.584,15907.62
19.1,1.592,15932.6
19.2,1.6,16035.24
19.3,1.608,16136.66
19.4,1.617,16247.75
19.5,1.625,16352.38
19.6,1.634,16459.13
19.7,1.642,16496.16
19.8,1.65,16608.93
19.9,1.659,16708.86
20,1.667,16869.41
20.1,1.675,16935.86
20.2,1.684,16975.35
20.3,1.692,17102.62
20.4,1.7,17215.64
20.5,1.709,17300.95
20.6,1.717,17409.71
20.7,1.725,17480.09
20.8,1.733,17554.99
20.9,1.742,17685.19
21,1.75,17778.59
21.1,1.759,17924.86
21.2,1.767,17982.84
21.3,1.775,18012.95
21.4,1.783,18130.72
21.5,1.792,18275.77
21.6,1.8,18377.98
21.7,1.809,18475.63
21.8,1.817,18525.42
21.9,1.825,18595.35
22,1.834,18704.69
22.1,1.842,18800.53
22.2,1.85,18955.39
22.3,1.858,19017.51
22.4,1.867,19090.33
22.5,1.875,19192.7
22.6,1.884,19299.1
22.7,1.892,19371.87
22.8,1.9,19483.15
22.9,1.909,19526.49
23,1.917,19623.77
23.1,1.925,19759.16
23.2,1.934,19889.05
23.3,1.942,19986.82
23.4,1.95,20042.52
23.5,1.959,20060.76
23.6,1.967,20154.67
23.7,1.975,20251
23.8,1.984,20397
23.9,1.992,20501.45
24,2,20582.1
24.1,2.009,20640.31
24.2,2.017,20735.91
24.3,2.025,20792.75
24.4,2.034,20873.38
24.5,2.042,20994.85
24.6,2.05,21064.24
24.7,2.059,21119.59
24.8,2.067,21240.43
24.9,2.075,21339.23
25,2.084,21436.52
25.1,2.092,21509.29
25.2,2.1,21544.01
25.3,2.109,21561.75
25.4,2.117,21635.08
25.5,2.125,21764.62
25.6,2.133,21850.15
25.7,2.142,21942.81
25.8,2.15,22065.04
25.9,2.159,22146.56
26,2.167,22166.49
26.1,2.175,22175.52
26.2,2.184,22236.67
26.3,2.192,22269.47
26.4,2.2,22368.83
26.5,2.209,22449.78
26.6,2.217,22540.58
26.7,2.225,22596.99
26.8,2.233,22642.32
26.9,2.242,22672.3
27,2.25,22734.67
27.1,2.259,22838.23
27.2,2.267,22886.74
27.3,2.275,22929.59
27.4,2.284,22954.9
27.5,2.292,23001.43
27.6,2.3,23037.12
27.7,2.309,23053.28
27.8,2.317,23084.53
27.9,2.325,23126.44
28,2.334,23163.9
28.1,2.342,23210
28.2,2.35,23269.21
28.3,2.359,23323.18
28.4,2.367,23367.5
28.5,2.375,23423.07
28.6,2.384,23476.57
28.7,2.392,23514.87
28.8,2.4,23564.05
28.9,2.409,23615.19
29,2.417,23652.55
29.1,2.425,23664.15
29.2,2.434,23667.67
29.3,2.442,23667.89
29.4,2.45,23667.89
29.5,2.458,23668.35
29.6,2.467,23670.38
29.7,2.475,23687.24
29.8,2.484,23713.87
29.9,2.492,23742.86
30,2.5,23784.57
30.1,2.509,23818.93
30.2,2.517,23845.59
30.3,2.525,23874.35
30.4,2.534,23909.26
30.5,2.542,23939.62
30.6,2.55,23961.33
30.7,2.559,23992.04
30.8,2.567,24018.77
30.9,2.575,24060.79
31,2.584,24100.59
31.1,2.592,24116.49
31.2,2.6,24134.75
31.3,2.609,24147.25
31.4,2.617,24158.03
31.5,2.625,24165.96
31.6,2.633,24175.77
31.7,2.642,24192.26
31.8,2.65,24200.09
31.9,2.659,24212.88
32,2.667,24230.49
32.1,2.675,24240.75
32.2,2.683,24247.51
32.3,2.692,24262.08
32.4,2.7,24277.38
32.5,2.709,24293.61
32.6,2.717,24312.86
32.7,2.725,24331.01
32.8,2.734,24341.37
32.9,2.742,24353.07
33,2.75,24362.3
33.1,2.759,24365.43
33.2,2.767,24370.5
33.3,2.775,24376.59
33.4,2.784,24381.34
33.5,2.792,24385.27
33.6,2.8,24393.46
33.7,2.809,24400.93
33.8,2.817,24414.56
33.9,2.825,24421.98
34,2.834,24428.72
34.1,2.842,24437.62
34.2,2.85,24445.48
34.3,2.859,24451.08
34.4,2.867,24456.15
34.5,2.875,24462.17
34.6,2.884,24466.21
34.7,2.892,24475.44
34.8,2.9,24476.76
34.9,2.909,24492.59
35,2.917,24508.79
35.1,2.925,24515.93
35.2,2.934,24531.37
35.3,2.942,24538.97
35.4,2.95,24552.81
35.5,2.959,24571.02
35.6,2.967,24583.93
35.7,2.975,24592.47
35.8,2.984,24607.97
35.9,2.992,24609.94
36,3,24617.18
36.1,3.009,24623.64
36.2,3.017,24628.36
36.3,3.025,24636.97
36.4,3.033,24639.11
36.5,3.042,24643.1
36.6,3.05,24651.4
36.7,3.059,24652.44
36.8,3.067,24662.3
36.9,3.075,24664.76
37,3.084,24667.21
37.1,3.092,24676.42
37.2,3.1,24679.78
37.3,3.109,24685.3
37.4,3.117,24687.94
37.5,3.125,24690.55
37.6,3.134,24698.29
37.7,3.142,24702.72
37.8,3.15,24708.1
37.9,3.159,24711.03
38,3.167,24712.56
38.1,3.175,24716.45
38.2,3.184,24719.63
38.3,3.192,24723.7
38.4,3.2,24727.19
38.5,3.209,24730.58
38.6,3.217,24739.18
38.7,3.225,24738.97
38.8,3.234,24744.99
38.9,3.242,24759.76
39,3.25,24767.57
39.1,3.259,24771.22
39.2,3.267,24780.18
39.3,3.275,24798.22
39.4,3.284,24807.81
39.5,3.292,24820.45
39.6,3.3,24834.25
39.7,3.309,24840.15
39.8,3.317,24858.72
39.9,3.325,24868.64
40,3.334,24881.97
40.1,3.342,24883.85
40.2,3.35,24890.91
40.3,3.359,24905.3
40.4,3.367,24913.38
40.5,3.375,24915.26
40.6,3.384,24926.32
40.7,3.392,24931.34
40.8,3.4,24934.15
40.9,3.409,24942.18
41,3.417,24952.17
41.1,3.425,24954.85
41.2,3.434,24960.44
41.3,3.442,24970.13
41.4,3.45,24974.19
41.5,3.459,24979.19
41.6,3.467,24990.9
41.7,3.475,24993.73
41.8,3.484,24997.98
41.9,3.492,25001.38
42,3.5,25008.39
42.1,3.509,25014.88
42.2,3.517,25013.82
42.3,3.525,25020.27
42.4,3.533,25026.05
42.5,3.542,25035.32
42.6,3.55,25031.19
42.7,3.559,25039.59
42.8,3.567,25038.78
42.9,3.575,25052.24
43,3.584,25055.92
43.1,3.592,25054.99
43.2,3.6,25072.6
43.3,3.609,25076.35
43.4,3.617,25087.55
43.5,3.625,25092.3
43.6,3.634,25110.28
43.7,3.642,25118.41
43.8,3.65,25124
43.9,3.659,25127.15
44,3.667,25134.07
44.1,3.675,25134.5
44.2,3.684,25143.8
44.3,3.692,25145.6
44.4,3.7,25150.7
44.5,3.709,25153.52
44.6,3.717,25155.48
44.7,3.725,25156.92
44.8,3.734,25156.86
44.9,3.742,25159.68
45,3.75,25158.08
45.1,3.758,25159.26
45.2,3.767,25159.96
45.3,3.775,25159.92
45.4,3.784,25160.49
45.5,3.792,25161.32
45.6,3.8,25160.41
45.7,3.809,25161.86
45.8,3.817,25161.47
45.9,3.825,25161.4
46,3.834,25164.92
46.1,3.842,25163.73
46.2,3.85,25162.97
46.3,3.859,25167.22
46.4,3.867,25166.52
46.5,3.875,25167.37
46.6,3.884,25167.92
46.7,3.892,25171.48
46.8,3.9,25174.13
46.9,3.909,25178.16
47,3.917,25180.64
47.1,3.925,25182.6
47.2,3.933,25182.54
47.3,3.942,25192.03
47.4,3.95,25190.87
47.5,3.959,25192.52
47.6,3.967,25196.96
47.7,3.975,25198.39
47.8,3.984,25204.3
47.9,3.992,25205.66
48,4,25208.43
48.1,4.009,25209.47
48.2,4.017,25216.36
48.3,4.025,25216.52
48.4,4.034,25219.24
48.5,4.042,25224.93
48.6,4.05,25229.99
48.7,4.059,25235
48.8,4.067,25234.21
48.9,4.075,25242.23
49,4.084,25253.15
49.1,4.092,25255.2
49.2,4.1,25261.97
49.3,4.108,25268.4
49.4,4.117,25275.35
49.5,4.125,25279.63
49.6,4.134,25284.51
49.7,4.142,25292.24
49.8,4.15,25293.47
49.9,4.158,25300.57
50,4.167,25307.23
50.1,4.175,25313.67
50.2,4.184,25315.26
50.3,4.192,25316.14
50.4,4.2,25320.99
50.5,4.209,25328.59
50.6,4.217,25332.59
50.7,4.225,25337.09
50.8,4.234,25342.37
50.9,4.242,25350.86
51,4.25,25356.03
51.1,4.259,25363.59
51.2,4.267,25374.68
51.3,4.275,25378.06
51.4,4.284,25375.28
51.5,4.292,25389.8
51.6,4.3,25394.44
51.7,4.309,25405.15
51.8,4.317,25409.71
51.9,4.325,25413.82
52,4.334,25419.52
52.1,4.342,25428.88
52.2,4.35,25440.66
52.3,4.359,25444.11
52.4,4.367,25448.09
52.5,4.375,25463.38
52.6,4.383,25459.47
52.7,4.392,25468.06
52.8,4.4,25481.32
52.9,4.409,25483.48
53,4.417,25491.21
53.1,4.425,25495.26
53.2,4.434,25501.42
53.3,4.442,25507.72
53.4,4.45,25511.14
53.5,4.459,25514.12
53.6,4.467,25515.17
53.7,4.475,25522.27
53.8,4.484,25529.07
53.9,4.492,25528.63
54,4.5,25534.31
54.1,4.509,25539.86
54.2,4.517,25539.75
54.3,4.525,25546.3
54.4,4.534,25549.59
54.5,4.542,25550.51
54.6,4.55,25559.04
54.7,4.559,25558.51
54.8,4.567,25567.05
54.9,4.575,25565.66
55,4.584,25571.32
55.1,4.592,25579.04
55.2,4.6,25584.3
55.3,4.608,25586.88
55.4,4.617,25603.32
55.5,4.625,25604.18
55.6,4.634,25612.17
55.7,4.642,25616.12
55.8,4.65,25621.38
55.9,4.659,25629.1
56,4.667,25637.03
56.1,4.675,25642.05
56.2,4.684,25652.91
56.3,4.692,25654.1
56.4,4.7,25671.17
56.5,4.709,25676.01
56.6,4.717,25672.21
56.7,4.725,25684.08
56.8,4.734,25689.55
56.9,4.742,25688.7
57,4.75,25694.88
57.1,4.759,25700.88
57.2,4.767,25699.96
57.3,4.775,25706.16
57.4,4.783,25708.65
57.5,4.792,25708.89
57.6,4.8,25714.76
57.7,4.809,25713.83
57.8,4.817,25713.23
57.9,4.825,25715.7
58,4.834,25717.57
58.1,4.842,25717.98
58.2,4.85,25720.91
58.3,4.859,25720.36
58.4,4.867,25722.83
58.5,4.875,25725.46
58.6,4.883,25723.75
58.7,4.892,25726.92
58.8,4.9,25729.69
58.9,4.909,25729.66
59,4.917,25731.72
59.1,4.925,25730.1
59.2,4.934,25731.35
59.3,4.942,25732.04
59.4,4.95,25732.24
59.5,4.959,25734.15
59.6,4.967,25736.9
59.7,4.975,25743.11
59.8,4.984,25740.89
59.9,4.992,25741.26
60,5,25743.54
60.1,5.009,25746.21
60.2,5.017,25748.36
60.3,5.025,25752.12
60.4,5.034,25755.35
60.5,5.042,25756.87
60.6,5.05,25756.97
60.7,5.059,25758.94
60.8,5.067,25760.57
60.9,5.075,25762.67
61,5.084,25765.58
61.1,5.092,25765.55
61.2,5.1,25767.81
61.3,5.109,25770.41
61.4,5.117,25774.4
61.5,5.125,25773.46
61.6,5.133,25773.79
61.7,5.142,25775.06
61.8,5.15,25778.32
61.9,5.159,25776.24
62,5.167,25777.98
62.1,5.175,25779.05
62.2,5.184,25781.67
62.3,5.192,25780.13
62.4,5.2,25781.29
62.5,5.209,25787.49
62.6,5.217,25786.76
62.7,5.225,25786.75
62.8,5.233,25789.23
62.9,5.242,25796.26
63,5.25,25796.6
63.1,5.259,25795.89
63.2,5.267,25797.82
63.3,5.275,25804.08
63.4,5.284,25803.5
63.5,5.292,25807.45
63.6,5.3,25812.95
63.7,5.309,25818.15
63.8,5.317,25817.29
63.9,5.325,25824.52
64,5.334,25829.67
64.1,5.342,25828.7
64.2,5.35,25837.26
64.3,5.359,25843.48
64.4,5.367,25839.57
64.5,5.375,25845.37
64.6,5.384,25846.41
64.7,5.392,25850.92
64.8,5.4,25857.75
64.9,5.409,25856.79
65,5.417,25857.96
65.1,5.425,25865.55
65.2,5.434,25866.78
65.3,5.442,25865.77
65.4,5.45,25872.83
65.5,5.459,25869.67
65.6,5.467,25877.52
65.7,5.475,25879.17
65.8,5.484,25882.3
65.9,5.492,25884.72
66,5.5,25887.16
66.1,5.509,25891.12
66.2,5.517,25889.99
66.3,5.525,25894.78
66.4,5.534,25896.25
66.5,5.542,25903.12
66.6,5.55,25901.4
66.7,5.559,25904.16
66.8,5.567,25910.25
66.9,5.575,25907.95
67,5.584,25912.44
67.1,5.592,25915.75
67.2,5.6,25918.36
67.3,5.609,25928.28
67.4,5.617,25929.42
67.5,5.625,25924.92
67.6,5.634,25932.76
67.7,5.642,25933.94
67.8,5.65,25936.31
67.9,5.659,25944.1
68,5.667,25946
68.1,5.675,25952.15
68.2,5.683,25951.85
68.3,5.692,25956.12
68.4,5.7,25960.5
68.5,5.709,25965.97
68.6,5.717,25970.22
68.7,5.725,25972.64
68.8,5.733,25975.79
68.9,5.742,25981.63
69,5.75,25982.3
69.1,5.759,25984.79
69.2,5.767,25986.76
69.3,5.775,25990.9
69.4,5.784,25993.57
69.5,5.792,25996.5
69.6,5.8,25994.65
69.7,5.809,26001.43
69.8,5.817,25999.39
69.9,5.825,26000.41
70,5.834,26002.53
70.1,5.842,26004.43
70.2,5.85,26009.38
70.3,5.858,26009.95
70.4,5.867,26007.04
70.5,5.875,26013.76
70.6,5.884,26013.45
70.7,5.892,26013.59
70.8,5.9,26014.46
70.9,5.909,26014.9
71,5.917,26017.57
71.1,5.925,26021.76
71.2,5.934,26024.69
71.3,5.942,26024.1
71.4,5.95,26025.77
71.5,5.959,26031.28
71.6,5.967,26038.56
71.7,5.975,26032.21
71.8,5.984,26036.46
71.9,5.992,26035.33
72,6,26040.14
72.1,6.009,26047.54
72.2,6.017,26042.88
72.3,6.025,26046.83
72.4,6.034,26054.19
72.5,6.042,26051.46
72.6,6.05,26058.95
72.7,6.059,26060.62
72.8,6.067,26073.34
72.9,6.075,26066.66
73,6.084,26061.5
73.1,6.092,26069.1
73.2,6.1,26086.37
73.3,6.109,26080.1
73.4,6.117,26073.14
73.5,6.125,26079.22
73.6,6.134,26093.95
73.7,6.142,26093.27
73.8,6.15,26099.42
73.9,6.159,26094.72
74,6.167,26099.3
74.1,6.175,26101.89
74.2,6.184,26107.38
74.3,6.192,26113.17
74.4,6.2,26115.11
74.5,6.209,26121.59
74.6,6.217,26126.06
74.7,6.225,26124.27
74.8,6.234,26129.82
74.9,6.242,26128.12
75,6.25,26128.54
75.1,6.259,26133.1
75.2,6.267,26137.22
75.3,6.275,26141.2
75.4,6.284,26146.19
75.5,6.292,26143.14
75.6,6.3,26145.25
75.7,6.309,26155.3
75.8,6.317,26152.7
75.9,6.325,26157.94
76,6.334,26163.92
76.1,6.342,26163.24
76.2,6.35,26161.46
76.3,6.358,26167.45
76.4,6.367,26166.02
76.5,6.375,26168.87
76.6,6.384,26176.39
76.7,6.392,26177.23
76.8,6.4,26175.8
76.9,6.409,26183.58
77,6.417,26184.39
77.1,6.425,26184.49
77.2,6.434,26186.73
77.3,6.442,26187.4
77.4,6.45,26183.87
77.5,6.459,26186.55
77.6,6.467,26188.61
77.7,6.475,26190.98
77.8,6.484,26190.4
77.9,6.492,26186.2
78,6.5,26193.54
78.1,6.509,26196.08
78.2,6.517,26191.88
78.3,6.525,26194.4
78.4,6.534,26195.04
78.5,6.542,26196.47
78.6,6.55,26194.78
78.7,6.559,26200.22
78.8,6.567,26199.71
78.9,6.575,26202.1
79,6.583,26202.54
79.1,6.592,26203.34
79.2,6.6,26205.91
79.3,6.609,26204.81
79.4,6.617,26202.72
79.5,6.625,26203.79
79.6,6.634,26205.68
79.7,6.642,26208.45
79.8,6.65,26208.96
79.9,6.659,26210.52
80,6.667,26209.08
80.1,6.675,26210.91
80.2,6.684,26214.06
80.3,6.692,26210.43
80.4,6.7,26213.23
80.5,6.709,26212.57
80.6,6.717,26212.65
80.7,6.725,26213.17
80.8,6.734,26214.79
80.9,6.742,26215.73
81,6.75,26215.12
81.1,6.758,26213.05
81.2,6.767,26218.43
81.3,6.775,26216.59
81.4,6.784,26218.26
81.5,6.792,26218.21
81.6,6.8,26216.44
81.7,6.808,26217.91
81.8,6.817,26217.83
81.9,6.825,26219.42
82,6.834,26219.12
82.1,6.842,26220.38
82.2,6.85,26222.28
82.3,6.859,26221.84
82.4,6.867,26223.09
82.5,6.875,26223.33
82.6,6.884,26221.72
82.7,6.892,26222.46
82.8,6.9,26222.49
82.9,6.909,26223.02
83,6.917,26224.59
83.1,6.925,26224.77
83.2,6.933,26225.41
83.3,6.942,26225.05
83.4,6.95,26225.98
83.5,6.959,26226.92
83.6,6.967,26227.08
83.7,6.975,26227.11
83.8,6.984,26226.43
83.9,6.992,26228.43
84,7,26228.92
84.1,7.009,26229.78
84.2,7.017,26230.04
84.3,7.025,26231.06
84.4,7.034,26233.51
84.5,7.042,26231.22
84.6,7.05,26233.51
84.7,7.059,26234.81
84.8,7.067,26232.05
84.9,7.075,26232.54
85,7.084,26235.2
85.1,7.092,26233.92
85.2,7.1,26235.13
85.3,7.109,26233.55
85.4,7.117,26236.94
85.5,7.125,26235.72
85.6,7.134,26236.93
85.7,7.142,26236.66
85.8,7.15,26236.2
85.9,7.159,26237.42
86,7.167,26238.58
86.1,7.175,26233.95
86.2,7.184,26238.92
86.3,7.192,26245.29
86.4,7.2,26240.68
86.5,7.209,26241.37
86.6,7.217,26243.82
86.7,7.225,26242.46
86.8,7.234,26242.85
86.9,7.242,26241.81
87,7.25,26240.5
87.1,7.259,26241.91
87.2,7.267,26245.98
87.3,7.275,26243.52
87.4,7.284,26242.45
87.5,7.292,26247.12
87.6,7.3,26248.08
87.7,7.309,26245.12
87.8,7.317,26246.27
87.9,7.325,26243.05
88,7.334,26244.12
88.1,7.342,26243.3
88.2,7.35,26241.86
88.3,7.359,26244.71
88.4,7.367,26243.3
88.5,7.375,26242.71
88.6,7.383,26242.01
88.7,7.392,26245.25
88.8,7.4,26248.46
88.9,7.409,26246.32
89,7.417,26249.56
89.1,7.425,26249.61
89.2,7.434,26242.56
89.3,7.442,26245.42
89.4,7.45,26248.55
89.5,7.459,26247.66
89.6,7.467,26245.21
89.7,7.475,26247.39
89.8,7.483,26248.27
89.9,7.492,26247.96
90,7.5,26248.09
90.1,7.509,26247.56
90.2,7.517,26246.23
90.3,7.525,26246.92
90.4,7.534,26247.52
90.5,7.542,26248.94
90.6,7.55,26247.67
90.7,7.559,26247.99
90.8,7.567,26248.15
90.9,7.575,26250.75
91,7.584,26248.08
91.1,7.592,26247.85
91.2,7.6,26249.28
91.3,7.609,26245.5
91.4,7.617,26244.98
91.5,7.625,26241.89
91.6,7.634,26247.82
91.7,7.642,26251.34
91.8,7.65,26245.02
91.9,7.659,26245.65
92,7.667,26250.04
92.1,7.675,26246.19
92.2,7.684,26245.75
92.3,7.692,26244.75
92.4,7.7,26246.67
92.5,7.709,26245.46
92.6,7.717,26245.21
92.7,7.725,26245.94
92.8,7.734,26243.37
92.9,7.742,26244.9
93,7.75,26245.26
93.1,7.759,26244.84
93.2,7.767,26248.42
93.3,7.775,26242.32
93.4,7.784,26239.75
93.5,7.792,26242.48
93.6,7.8,26242.57
93.7,7.809,26243.37
93.8,7.817,26244.8
93.9,7.825,26243.29
94,7.834,26239.95
94.1,7.842,26242.49
94.2,7.85,26238.84
94.3,7.859,26242.61
94.4,7.867,26244.15
94.5,7.875,26240.48
94.6,7.883,26241.3
94.7,7.892,26241.77
94.8,7.9,26242.22
94.9,7.909,26239.63
95,7.917,26240.84
95.1,7.925,26238.49
95.2,7.933,26238.6
95.3,7.942,26240.65
95.4,7.95,26233.94
95.5,7.959,26237.69
95.6,7.967,26234.53
95.7,7.975,26233.11
95.8,7.984,26232.82
95.9,7.992,26233.18
96,8,26232.03
96.1,8.009,26233.5
96.2,8.017,26231.68
96.3,8.025,26232.64
96.4,8.034,26233.14
96.5,8.042,26228.34
96.6,8.05,26228.27
96.7,8.059,26228.23
96.8,8.067,26228.5
96.9,8.075,26228.04
97,8.084,26227.46
97.1,8.092,26224.65
97.2,8.1,26225.74
97.3,8.109,26224.38
97.4,8.117,26225.02
97.5,8.125,26223.38
97.6,8.134,26224.2
97.7,8.142,26220.19
97.8,8.15,26216.71
97.9,8.159,26218.96
98,8.167,26217.08
98.1,8.175,26216.55
98.2,8.184,26215.23
98.3,8.192,26212.64
98.4,8.2,26212.49
98.5,8.209,26212.69
98.6,8.217,26208.4
98.7,8.225,26211.16
98.8,8.234,26207.88
98.9,8.242,26205.1
99,8.25,26206.87
99.1,8.259,26206.42
99.2,8.267,26204.07
99.3,8.275,26201.94
99.4,8.284,26200.78
99.5,8.292,26196.42
99.6,8.3,26192.78
99.7,8.309,26194.78
99.8,8.317,26189.48
99.9,8.325,26184.29
100,8.334,26180.77
100.1,8.342,26181.82
100.2,8.35,26180.84
100.3,8.359,26178
100.4,8.367,26172.82
100.5,8.375,26163.2
100.6,8.384,26165.4
100.7,8.392,26160.24
100.8,8.4,26148.71
100.9,8.409,26140.79
101,8.417,26138.06
101.1,8.425,26134.48
101.2,8.434,26122.5
101.3,8.442,26119.36
101.4,8.45,26109.71
101.5,8.458,26111.62
101.6,8.467,26093.75
101.7,8.475,26086.27
101.8,8.484,26076.97
101.9,8.492,26074.59
102,8.5,26060.42
102.1,8.509,26054.57
102.2,8.517,26050.13
102.3,8.525,26046.39
102.4,8.534,26036.86
102.5,8.542,26033.11
102.6,8.55,26031.92
102.7,8.559,26023.92
102.8,8.567,26022.35
102.9,8.575,26016.31
103,8.584,26012.8
103.1,8.592,26007.1
103.2,8.6,26005.94
103.3,8.609,25999.58
103.4,8.617,25988.64
103.5,8.625,25984.41
103.6,8.634,25982.8
103.7,8.642,25965.75
103.8,8.65,25957.12
103.9,8.659,25948.01
104,8.667,25941.18
104.1,8.675,25932.37
104.2,8.684,25920.08
104.3,8.692,25913.71
104.4,8.7,25908.78
104.5,8.709,25895.59
104.6,8.717,25888.57
104.7,8.725,25885.88
104.8,8.733,25883.71
104.9,8.742,25875.61
105,8.75,25871.29
105.1,8.759,25861.2
105.2,8.767,25859.22
105.3,8.775,25847.55
105.4,8.784,25839.98
105.5,8.792,25837.22
105.6,8.8,25827.08
105.7,8.809,25814.9
105.8,8.817,25801.35
105.9,8.825,25796.73
106,8.834,25794.09
106.1,8.842,25782.83
106.2,8.85,25774.29
106.3,8.859,25771.4
106.4,8.867,25765.14
106.5,8.875,25765.65
106.6,8.884,25761.64
106.7,8.892,25757.71
106.8,8.9,25755.66
106.9,8.909,25746.67
107,8.917,25743.88
107.1,8.925,25737.64
107.2,8.934,25733.59
107.3,8.942,25731.75
107.4,8.95,25727.29
107.5,8.959,25726.61
107.6,8.967,25725.29
107.7,8.975,25719.15
107.8,8.984,25714.76
107.9,8.992,25711
108,9,25702.37
108.1,9.008,25693.46
108.2,9.017,25682.74
108.3,9.025,25671.81
108.4,9.034,25653.19
108.5,9.042,25629.1
108.6,9.05,25614.18
108.7,9.059,25597.56
108.8,9.067,25580.19
108.9,9.075,25564.74
109,9.084,25552.48
109.1,9.092,25542.51
109.2,9.1,25533.43
109.3,9.109,25521.36
109.4,9.117,25511.45
109.5,9.125,25498.49
109.6,9.134,25488.95
109.7,9.142,25468.16
109.8,9.15,25456.03
109.9,9.159,25443.46
110,9.167,25412.47
110.1,9.175,25392.57
110.2,9.183,25382.69
110.3,9.192,25361.91
110.4,9.2,25347.59
110.5,9.209,25330.38
110.6,9.217,25318.28
110.7,9.225,25302.45
110.8,9.234,25293.33
110.9,9.242,25279.8
111,9.25,25257.99
111.1,9.259,25244.56
111.2,9.267,25229.26
111.3,9.275,25217.85
111.4,9.284,25214.69
111.5,9.292,25206.3
111.6,9.3,25199.02
111.7,9.309,25189.56
111.8,9.317,25182.68
111.9,9.325,25177.57
112,9.334,25171.75
112.1,9.342,25166.16
112.2,9.35,25164.12
112.3,9.359,25161.5
112.4,9.367,25161.99
112.5,9.375,25161.08
112.6,9.384,25159.31
112.7,9.392,25152.52
112.8,9.4,25146.96
112.9,9.409,25134
113,9.417,25117.51
113.1,9.425,25100.03
113.2,9.434,25080.24
113.3,9.442,25065.95
113.4,9.45,25047.88
113.5,9.459,25032.03
113.6,9.467,25023
113.7,9.475,25008.92
113.8,9.484,24994.12
113.9,9.492,24973.01
114,9.5,24955.54
114.1,9.509,24945.6
114.2,9.517,24928.36
114.3,9.525,24910.59
114.4,9.534,24887.2
114.5,9.542,24865.23
114.6,9.55,24839.49
114.7,9.559,24814.31
114.8,9.567,24768.59
114.9,9.575,24752.08
115,9.583,24736.55
115.1,9.592,24726.75
115.2,9.6,24719.82
115.3,9.609,24713.09
115.4,9.617,24699.41
115.5,9.625,24688.22
115.6,9.633,24680.63
115.7,9.642,24667.79
115.8,9.65,24660.86
115.9,9.659,24646.41
116,9.667,24633.73
116.1,9.675,24617.04
116.2,9.684,24613.04
116.3,9.692,24584.8
116.4,9.7,24562.31
116.5,9.709,24535.24
116.6,9.717,24508.6
116.7,9.725,24487.64
116.8,9.734,24469.86
116.9,9.742,24459.47
117,9.75,24450.35
117.1,9.759,24440.81
117.2,9.767,24428.55
117.3,9.775,24412.65
117.4,9.784,24397.56
117.5,9.792,24386.96
117.6,9.8,24380
117.7,9.808,24370.58
117.8,9.817,24361.15
117.9,9.825,24347.75
118,9.834,24329.29
118.1,9.842,24311.75
118.2,9.85,24279.74
118.3,9.859,24262.27
118.4,9.867,24252.54
118.5,9.875,24233.42
118.6,9.884,24218.51
118.7,9.892,24200.03
118.8,9.9,24187.65
118.9,9.909,24174.36
119,9.917,24165.23
119.1,9.925,24156.91
119.2,9.934,24139.29
119.3,9.942,24125.65
119.4,9.95,24104.45
119.5,9.959,24073.89
119.6,9.967,24039.21
119.7,9.975,23997.43
119.8,9.983,23976.92
119.9,9.992,23954.49
120,10,23930.18
120.1,10.009,23903.74
120.2,10.017,23868.32
120.3,10.025,23841.61
120.4,10.034,23820.94
120.5,10.042,23802.14
120.6,10.05,23772.85
120.7,10.059,23749.92
120.8,10.067,23722.55
120.9,10.075,23688.88
121,10.084,23674.1
121.1,10.092,23669.11
121.2,10.1,23667.8
121.3,10.109,23667.88
121.4,10.117,23667.81
121.5,10.125,23667.75
121.6,10.134,23667.19
121.7,10.142,23666.83
121.8,10.15,23663.86
121.9,10.159,23656.3
122,10.167,23630.66
122.1,10.175,23602.82
122.2,10.184,23566.32
122.3,10.192,23527.49
122.4,10.2,23499.01
122.5,10.209,23468.9
122.6,10.217,23435.56
122.7,10.225,23414.08
122.8,10.234,23374.44
122.9,10.242,23349.92
123,10.25,23324.42
123.1,10.259,23295.35
123.2,10.267,23268
123.3,10.275,23226.63
123.4,10.284,23189.28
123.5,10.292,23168.56
123.6,10.3,23153.97
123.7,10.309,23134.19
123.8,10.317,23112.21
123.9,10.325,23083.24
124,10.334,23063.56
124.1,10.342,23046.88
124.2,10.35,23042.33
124.3,10.359,23034.37
124.4,10.367,23015.3
124.5,10.375,22985.66
124.6,10.384,22962.85
124.7,10.392,22953.43
124.8,10.4,22941.4
124.9,10.409,22924.74
125,10.417,22902.68
125.1,10.425,22886.16
125.2,10.434,22864.19
125.3,10.442,22830.21
125.4,10.45,22784.79
125.5,10.459,22725.32
125.6,10.467,22688.85
125.7,10.475,22673.57
125.8,10.484,22661.63
125.9,10.492,22647.2
126,10.5,22630.29
126.1,10.509,22606.16
126.2,10.517,22584.34
126.3,10.525,22559.32
126.4,10.534,22524.01
126.5,10.542,22488.28
126.6,10.55,22449.25
126.7,10.559,22407.64
126.8,10.567,22366.71
126.9,10.575,22324.61
127,10.584,22279.45
127.1,10.592,22257.76
127.2,10.6,22244.6
127.3,10.609,22227.55
127.4,10.617,22189.37
127.5,10.625,22172.53
127.6,10.634,22167.4
127.7,10.642,22166.65
127.8,10.65,22160.49
127.9,10.659,22147.29
128,10.667,22118.63
128.1,10.675,22071.12
128.2,10.683,22004.2
128.3,10.692,21932.35
128.4,10.7,21412.12
128.444,10.704,9969.49
